{
    "loss": 26.664751052856445,
    "accuracy": 0.6133333444595337
}