{
    "loss": 23.077783584594727,
    "accuracy": 0.6133333444595337
}